/Users/denis/museum-app/venv/bin/python /Users/denis/museum-app/src/ai/data_collection.py,0.13168764114379883,0.9113514423370361,5.652832442137878e-07,0.19094277918338776,0.8990625143051147,-0.024206791073083878,0.24215571582317352,0.8179171085357666,-0.03303291276097298,0.2725370228290558,0.7471973896026611,-0.03881704434752464,0.3018323481082916,0.6923568844795227,-0.04459124431014061,0.1989649087190628,0.7291378378868103,-0.027121229097247124,0.2346082627773285,0.6427465081214905,-0.04926943778991699,0.26943355798721313,0.6093944311141968,-0.06434893608093262,0.3013384938240051,0.5950183868408203,-0.07234709709882736,0.1681305170059204,0.7089336514472961,-0.023426314815878868,0.20689767599105835,0.624151885509491,-0.04187442734837532,0.24293296039104462,0.5922497510910034,-0.05351574346423149,0.27758437395095825,0.5817734003067017,-0.06107465922832489,0.13788548111915588,0.6998322010040283,-0.02294091507792473,0.17546212673187256,0.6195122599601746,-0.04028673470020294,0.20906707644462585,0.5861262083053589,-0.04915618151426315,0.24029479920864105,0.5750168561935425,-0.05383063107728958,0.10891616344451904,0.6961897611618042,-0.02449517324566841,0.1398741453886032,0.6243088245391846,-0.04003249853849411,0.16904814541339874,0.588249683380127,-0.04780023172497749,0.19619257748126984,0.5713110566139221,-0.05189161375164986
/Users/denis/museum-app/venv/bin/python /Users/denis/museum-app/src/ai/data_collection.py,0.28373509645462036,0.6370095014572144,3.1579233450429456e-07,0.3340325355529785,0.640997052192688,0.0092757074162364,0.3682088553905487,0.5975794792175293,0.010965770110487938,0.3894399404525757,0.5713831782341003,0.008558600209653378,0.40915095806121826,0.5550671815872192,0.006088647525757551,0.3590880036354065,0.47161683440208435,0.0057090772315859795,0.41266027092933655,0.45977461338043213,-0.00877309963107109,0.452507883310318,0.4714842140674591,-0.0202203169465065,0.4817515015602112,0.48948174715042114,-0.027184588834643364,0.35101720690727234,0.463432252407074,-0.007876833900809288,0.4157072901725769,0.44470566511154175,-0.023213787004351616,0.4597392976284027,0.4634914994239807,-0.031815849244594574,0.4916110932826996,0.48658812046051025,-0.035956550389528275,0.3477570712566376,0.47480905055999756,-0.0221543125808239,0.4104163348674774,0.4528946578502655,-0.036169037222862244,0.4542064666748047,0.4637196958065033,-0.04200775548815727,0.4854433536529541,0.4790215790271759,-0.044137243181467056,0.34788763523101807,0.5032340884208679,-0.03604970499873161,0.3951173722743988,0.4808170199394226,-0.04689955711364746,0.4279983639717102,0.47837141156196594,-0.050298985093832016,0.4529768228530884,0.48391902446746826,-0.05138638615608215
/Users/denis/museum-app/venv/bin/python /Users/denis/museum-app/src/ai/data_collection.py,0.30138880014419556,0.6022290587425232,2.1446172127070895e-07,0.35546255111694336,0.6170393824577332,0.019029276445508003,0.3905208110809326,0.5899670124053955,0.024786893278360367,0.41157302260398865,0.5779078006744385,0.024131760001182556,0.4280630052089691,0.5774782299995422,0.022804291918873787,0.39681559801101685,0.4597170054912567,0.02129821665585041,0.4497019350528717,0.463725209236145,0.01513461209833622,0.4851208031177521,0.4785948693752289,0.006333920639008284,0.5118474364280701,0.49500957131385803,-0.0006227449630387127,0.39365318417549133,0.45545247197151184,0.004558860324323177,0.45792704820632935,0.4550066590309143,0.00015076967247296125,0.49587714672088623,0.47789913415908813,-0.006405239459127188,0.5234696865081787,0.5008172392845154,-0.012605683878064156,0.394552081823349,0.46662023663520813,-0.012224760837852955,0.4579501748085022,0.4645383656024933,-0.01830919459462166,0.49656111001968384,0.4885305166244507,-0.024276303127408028,0.5226287841796875,0.5142586827278137,-0.029138611629605293,0.3999510705471039,0.49092233180999756,-0.028135495260357857,0.4521171748638153,0.48333051800727844,-0.03385256975889206,0.4833553731441498,0.49714231491088867,-0.03612395375967026,0.5066466927528381,0.5137097239494324,-0.03808984160423279
/Users/denis/museum-app/venv/bin/python /Users/denis/museum-app/src/ai/data_collection.py,0.31798017024993896,0.6037248373031616,2.612696050618979e-07,0.3715849816799164,0.6211529970169067,0.011209556832909584,0.40278956294059753,0.597500741481781,0.011280815117061138,0.42185649275779724,0.5864512920379639,0.005727275740355253,0.438760370016098,0.5769305229187012,-6.53973693260923e-05,0.4102044403553009,0.46973103284835815,0.012967729941010475,0.46039044857025146,0.4826393723487854,0.00191691261716187,0.49411526322364807,0.504388689994812,-0.009953588247299194,0.5187808275222778,0.5250457525253296,-0.018343698233366013,0.40766987204551697,0.4651096761226654,-0.0014981793938204646,0.46879303455352783,0.4743829369544983,-0.010960385203361511,0.5037167072296143,0.5017209649085999,-0.019348375499248505,0.528313159942627,0.5282918214797974,-0.02575082890689373,0.40750929713249207,0.4797813594341278,-0.01677488163113594,0.4691500663757324,0.4819848835468292,-0.02564265951514244,0.5053532123565674,0.5070300698280334,-0.03100636601448059,0.5291001796722412,0.5338274836540222,-0.034756820648908615,0.410182386636734,0.5115693211555481,-0.03193828836083412,0.4596744775772095,0.509998619556427,-0.03739567846059799,0.48824629187583923,0.524543821811676,-0.038138896226882935,0.509300947189331,0.5439338088035583,-0.0388454906642437
/Users/denis/museum-app/venv/bin/python /Users/denis/museum-app/src/ai/data_collection.py,0.3222641944885254,0.6005856990814209,2.490021415724186e-07,0.3748284578323364,0.6195732951164246,0.014102325774729252,0.40503671765327454,0.5992435216903687,0.01663040556013584,0.42321205139160156,0.5899935364723206,0.013647979125380516,0.43832579255104065,0.5813395977020264,0.010350492782890797,0.41404035687446594,0.4734988510608673,0.015566562302410603,0.4628494381904602,0.4856454133987427,0.005556775722652674,0.495658814907074,0.5097817182540894,-0.005834873300045729,0.5198056101799011,0.5332763195037842,-0.013936277478933334,0.4113571047782898,0.46849021315574646,0.0007737114792689681,0.4713643491268158,0.4768642485141754,-0.008163703605532646,0.5059614777565002,0.5066201090812683,-0.01660441793501377,0.5302788615226746,0.5364025235176086,-0.022815268486738205,0.41093263030052185,0.48232972621917725,-0.014521718956530094,0.4715938866138458,0.486393004655838,-0.022790640592575073,0.5071998834609985,0.511996865272522,-0.028641974553465843,0.5304864645004272,0.5390571355819702,-0.0325503908097744,0.4130054712295532,0.5119193196296692,-0.029359908774495125,0.4608922600746155,0.511469304561615,-0.035136058926582336,0.48909956216812134,0.52503502368927,-0.037146829068660736,0.5101749300956726,0.5431879758834839,-0.03855670243501663
/Users/denis/museum-app/venv/bin/python /Users/denis/museum-app/src/ai/data_collection.py,0.32393068075180054,0.6011460423469543,2.6823738608072745e-07,0.37630176544189453,0.6210907697677612,0.011851541697978973,0.4068203568458557,0.6001433730125427,0.013299796730279922,0.4257180988788605,0.5896666049957275,0.009393648244440556,0.44127416610717773,0.5823673009872437,0.0051458594389259815,0.41453152894973755,0.4781896770000458,0.01445014774799347,0.46264809370040894,0.48988184332847595,0.003605332225561142,0.49581143260002136,0.5136005282402039,-0.008195892907679081,0.5206998586654663,0.536038339138031,-0.0164530947804451,0.4113721251487732,0.4716028869152069,0.0001869554107543081,0.4704757332801819,0.47886911034584045,-0.009882754646241665,0.505802571773529,0.5085150003433228,-0.018513109534978867,0.5311880111694336,0.5374975204467773,-0.02455444447696209,0.41062769293785095,0.48405721783638,-0.01493280939757824,0.47056546807289124,0.48748835921287537,-0.02461041882634163,0.5068478584289551,0.5149102807044983,-0.030698299407958984,0.5305432677268982,0.5432884693145752,-0.034287597984075546,0.4125501215457916,0.5125218033790588,-0.02981940098106861,0.4611717462539673,0.5114487409591675,-0.03670904040336609,0.49045848846435547,0.5268493890762329,-0.03897753730416298,0.5119831562042236,0.5461633801460266,-0.04032681882381439
/Users/denis/museum-app/venv/bin/python /Users/denis/museum-app/src/ai/data_collection.py,0.32516005635261536,0.6015816926956177,2.6364742211626435e-07,0.3758161962032318,0.6212721467018127,0.012445923872292042,0.4061605930328369,0.6008660793304443,0.01448223926126957,0.42447972297668457,0.5911667943000793,0.01129066664725542,0.43882372975349426,0.5821563601493835,0.007839938625693321,0.4142552316188812,0.4780668020248413,0.01432706043124199,0.4633542597293854,0.4874017834663391,0.004382736049592495,0.49602892994880676,0.5105827450752258,-0.006308984477072954,0.5197576284408569,0.5327298045158386,-0.013724902644753456,0.4109543561935425,0.4718039631843567,0.0003418020496610552,0.4711085557937622,0.477532297372818,-0.008978878147900105,0.5053560733795166,0.5073396563529968,-0.016714010387659073,0.528746485710144,0.5366618037223816,-0.02204839512705803,0.4104766845703125,0.4841662645339966,-0.014338371343910694,0.4706832766532898,0.48610904812812805,-0.02309819497168064,0.5062791109085083,0.5131795406341553,-0.028538061305880547,0.5290632843971252,0.541537880897522,-0.03177666664123535,0.41283169388771057,0.512848436832428,-0.028705066069960594,0.46103060245513916,0.5108936429023743,-0.0352044403553009,0.4895615875720978,0.526499330997467,-0.03726767376065254,0.5101531147956848,0.5461103916168213,-0.038439199328422546
/Users/denis/museum-app/venv/bin/python /Users/denis/museum-app/src/ai/data_collection.py,0.3240358531475067,0.6043912172317505,2.5974398454309267e-07,0.37630748748779297,0.6235100030899048,0.014307479374110699,0.4066162705421448,0.6030023097991943,0.0163385272026062,0.42552196979522705,0.5929202437400818,0.012814546003937721,0.43997788429260254,0.5884591341018677,0.008801751770079136,0.41230636835098267,0.479005366563797,0.012517369352281094,0.4630173146724701,0.4871489405632019,0.002109911758452654,0.495452880859375,0.5122717022895813,-0.00853416696190834,0.5191609263420105,0.5359005331993103,-0.01594463735818863,0.4082143008708954,0.4733547568321228,-0.0026412552688270807,0.4702789783477783,0.47889405488967896,-0.012272143736481667,0.505135715007782,0.510810136795044,-0.01983342319726944,0.528784990310669,0.5419154763221741,-0.02512410841882229,0.40722134709358215,0.48724833130836487,-0.018073471263051033,0.46915316581726074,0.48941031098365784,-0.026757702231407166,0.505217432975769,0.5179122686386108,-0.03177110478281975,0.5282261967658997,0.5465665459632874,-0.03492775559425354,0.40920138359069824,0.5175699591636658,-0.03293788060545921,0.4588189423084259,0.5157023668289185,-0.03889075294137001,0.48803529143333435,0.5306724309921265,-0.04032476618885994,0.5092257261276245,0.549042284488678,-0.04127413406968117
/Users/denis/museum-app/venv/bin/python /Users/denis/museum-app/src/ai/data_collection.py,0.32333335280418396,0.6082555651664734,2.7078846187578165e-07,0.37650224566459656,0.6263948082923889,0.012869198806583881,0.406863808631897,0.604777991771698,0.014650510624051094,0.42502257227897644,0.5938929915428162,0.010937273502349854,0.43828892707824707,0.5873262882232666,0.006826873868703842,0.41166236996650696,0.4794822633266449,0.01309934537857771,0.4616822600364685,0.488142728805542,0.0020449517760425806,0.49450135231018066,0.5125452876091003,-0.00924720149487257,0.5184399485588074,0.5361636877059937,-0.016996774822473526,0.40745070576667786,0.47414281964302063,-0.0015986493090167642,0.4679111838340759,0.4789322018623352,-0.012101859785616398,0.5030759572982788,0.510779082775116,-0.0203026682138443,0.527356743812561,0.5421052575111389,-0.025809399783611298,0.4064105749130249,0.4877314865589142,-0.016896434128284454,0.46781715750694275,0.48985403776168823,-0.02667669765651226,0.5044305920600891,0.5180820226669312,-0.03226705268025398,0.5280483961105347,0.5461962819099426,-0.03542118892073631,0.4086189270019531,0.5176140666007996,-0.031770143657922745,0.45855799317359924,0.515207827091217,-0.03840455412864685,0.4876609742641449,0.5305601358413696,-0.04003413766622543,0.5084763765335083,0.5491852760314941,-0.04090559110045433
/Users/denis/museum-app/venv/bin/python /Users/denis/museum-app/src/ai/data_collection.py,0.32242757081985474,0.610071063041687,2.7853272399624984e-07,0.37682271003723145,0.6284002661705017,0.011751871556043625,0.40739133954048157,0.6070727109909058,0.012452415190637112,0.4251750409603119,0.5949544906616211,0.007755276747047901,0.4377969801425934,0.5879115462303162,0.0026238078717142344,0.4100072383880615,0.4823254346847534,0.01095342356711626,0.4604296386241913,0.4901954233646393,-0.001046951045282185,0.493292897939682,0.5154857635498047,-0.013113819062709808,0.517448365688324,0.5399138927459717,-0.021348614245653152,0.40571925044059753,0.4776718318462372,-0.0036287284456193447,0.4670277237892151,0.48247823119163513,-0.014880177564918995,0.5028300881385803,0.5149254202842712,-0.023742549121379852,0.5273796916007996,0.5464907884597778,-0.029649170115590096,0.4048248529434204,0.49166983366012573,-0.01876671053469181,0.46599632501602173,0.49177294969558716,-0.028836553916335106,0.5030624866485596,0.5200060606002808,-0.03456125408411026,0.5268872976303101,0.5484180450439453,-0.03778330236673355,0.4070168733596802,0.521440863609314,-0.03359760344028473,0.4562309980392456,0.516584575176239,-0.0400746613740921,0.485342413187027,0.5314851999282837,-0.04142008721828461,0.5060746669769287,0.5502449870109558,-0.04208780825138092
/Users/denis/museum-app/venv/bin/python /Users/denis/museum-app/src/ai/data_collection.py,0.3212752938270569,0.6112263202667236,2.7581799599829537e-07,0.37512028217315674,0.628783643245697,0.012306643649935722,0.4050217866897583,0.6073892116546631,0.013344550505280495,0.42306748032569885,0.5962802767753601,0.008900017477571964,0.4363632798194885,0.5894736051559448,0.004006307106465101,0.4086962640285492,0.4824058413505554,0.012861751951277256,0.4587077796459198,0.49232977628707886,0.0013197665102779865,0.4919641613960266,0.5174057483673096,-0.010956852696835995,0.5165385007858276,0.5414438843727112,-0.019523855298757553,0.4051268994808197,0.4774664342403412,-0.0018395875813439488,0.4659765362739563,0.4856542646884918,-0.012868976220488548,0.5012311339378357,0.518586277961731,-0.02209547720849514,0.525395393371582,0.5504986047744751,-0.028327401727437973,0.404777467250824,0.4911598861217499,-0.017130272462964058,0.4658605456352234,0.49445152282714844,-0.02673191949725151,0.5027449131011963,0.5219889879226685,-0.032664403319358826,0.5266003012657166,0.5500449538230896,-0.03617759421467781,0.4071425795555115,0.5206725597381592,-0.03214802220463753,0.4559561610221863,0.5183109045028687,-0.03841651231050491,0.485076367855072,0.532830536365509,-0.040065404027700424,0.5062317848205566,0.5512679219245911,-0.04103517159819603
/Users/denis/museum-app/venv/bin/python /Users/denis/museum-app/src/ai/data_collection.py,0.32200586795806885,0.6110275983810425,2.8429980147848255e-07,0.3759804964065552,0.6278310418128967,0.012533578090369701,0.40572479367256165,0.6053643226623535,0.014030584134161472,0.42456740140914917,0.5945563316345215,0.009875830262899399,0.43988317251205444,0.5878251194953918,0.005295976065099239,0.4091074466705322,0.48267388343811035,0.015459473244845867,0.45818188786506653,0.4940892159938812,0.004212475381791592,0.49179258942604065,0.51905757188797,-0.008252520114183426,0.5169139504432678,0.5427196025848389,-0.017038369551301003,0.40593260526657104,0.4773474633693695,0.0006611660937778652,0.4660049080848694,0.48688051104545593,-0.010089187882840633,0.5014145374298096,0.5190271139144897,-0.0193996150046587,0.526293933391571,0.5492386221885681,-0.02578766644001007,0.4056379795074463,0.49100393056869507,-0.014955597929656506,0.4662022292613983,0.49495747685432434,-0.024667154997587204,0.5028941035270691,0.522259533405304,-0.030520521104335785,0.5265827178955078,0.5493568778038025,-0.03392206132411957,0.4080105125904083,0.520172655582428,-0.03034806437790394,0.4569244980812073,0.5186499953269958,-0.03678935766220093,0.4858558773994446,0.5332332849502563,-0.03838988021016121,0.5067077875137329,0.5512170791625977,-0.03927904739975929
/Users/denis/museum-app/venv/bin/python /Users/denis/museum-app/src/ai/data_collection.py,0.32122334837913513,0.6112104058265686,2.9041603966106777e-07,0.3743968605995178,0.628337025642395,0.011665621772408485,0.4049319922924042,0.6050713062286377,0.01259513571858406,0.42403867840766907,0.5940485000610352,0.00819325726479292,0.43948468565940857,0.5894984006881714,0.0032625175081193447,0.4098253548145294,0.4824925661087036,0.012879137881100178,0.458920955657959,0.4952141046524048,0.0010340450098738074,0.49310189485549927,0.5199957489967346,-0.011595242656767368,0.5185644626617432,0.5437546372413635,-0.020438440144062042,0.40616151690483093,0.47681987285614014,-0.0017015564953908324,0.4666411876678467,0.48715370893478394,-0.012963345274329185,0.5025773048400879,0.5190523266792297,-0.022277915850281715,0.5278316140174866,0.5494484305381775,-0.028537707403302193,0.40500888228416443,0.4904348850250244,-0.017021017149090767,0.4658793807029724,0.4940497875213623,-0.027126118540763855,0.503075897693634,0.5209799408912659,-0.03312361240386963,0.5273396968841553,0.5480517148971558,-0.036500174552202225,0.4062160849571228,0.5201889276504517,-0.032129935920238495,0.45548421144485474,0.5173873901367188,-0.039140596985816956,0.4849608540534973,0.532086968421936,-0.04107457771897316,0.5061690211296082,0.550460934638977,-0.042084790766239166
/Users/denis/museum-app/venv/bin/python /Users/denis/museum-app/src/ai/data_collection.py,0.3220248818397522,0.6119633316993713,2.8691894726762257e-07,0.37635892629623413,0.628007173538208,0.013552073389291763,0.40573614835739136,0.6055938005447388,0.015484832227230072,0.4245108366012573,0.594990074634552,0.011662442237138748,0.439933180809021,0.5892568826675415,0.007242053281515837,0.4105018675327301,0.48473575711250305,0.015964381396770477,0.45901381969451904,0.49680888652801514,0.0045988126657903194,0.49322107434272766,0.5208204388618469,-0.0080436235293746,0.5188472270965576,0.5436702370643616,-0.016960252076387405,0.407125324010849,0.4777512848377228,0.0006055139238014817,0.4674880802631378,0.4870542585849762,-0.010477691888809204,0.5034011006355286,0.5184431076049805,-0.020130615681409836,0.5285265445709229,0.5486698746681213,-0.026594238355755806,0.40614596009254456,0.48965686559677124,-0.015445584431290627,0.46708062291145325,0.49299848079681396,-0.025476254522800446,0.5042769908905029,0.5197319388389587,-0.03174605965614319,0.5285091400146484,0.5466423630714417,-0.03530537337064743,0.4072659909725189,0.5177252888679504,-0.031152673065662384,0.4562055170536041,0.5163792967796326,-0.03797321021556854,0.48529937863349915,0.5309699773788452,-0.03992293030023575,0.5063218474388123,0.549005925655365,-0.040987759828567505
/Users/denis/museum-app/venv/bin/python /Users/denis/museum-app/src/ai/data_collection.py,0.3256916403770447,0.6139764785766602,2.92613037800038e-07,0.37812432646751404,0.6294586062431335,0.011626753956079483,0.4078614115715027,0.6061971187591553,0.012981243431568146,0.4261750280857086,0.5947521328926086,0.00884620938450098,0.4411315321922302,0.5878664255142212,0.004345632158219814,0.4141427278518677,0.48807865381240845,0.016552114859223366,0.46111977100372314,0.4997275769710541,0.005717267282307148,0.49494361877441406,0.5213941931724548,-0.0067675854079425335,0.5201835036277771,0.5421768426895142,-0.01565437950193882,0.4113149344921112,0.48114651441574097,0.0022784913890063763,0.46888309717178345,0.4896700978279114,-0.007753986399620771,0.5043494701385498,0.5184820294380188,-0.01716170459985733,0.5298992991447449,0.5468506813049316,-0.02383269928395748,0.4105963706970215,0.491493284702301,-0.01301499642431736,0.46917808055877686,0.4965870976448059,-0.022503256797790527,0.5056428909301758,0.5219110250473022,-0.029064487665891647,0.5297982692718506,0.5479931235313416,-0.033107273280620575,0.4119046926498413,0.517198383808136,-0.02818741463124752,0.4592992663383484,0.5186389088630676,-0.03464362770318985,0.487453430891037,0.5342251658439636,-0.03676436096429825,0.5081630945205688,0.5529574155807495,-0.038124751299619675
/Users/denis/museum-app/venv/bin/python /Users/denis/museum-app/src/ai/data_collection.py,0.3269156217575073,0.6133339405059814,2.984361913149769e-07,0.3795280456542969,0.6296586990356445,0.010154581628739834,0.4090675115585327,0.6047402024269104,0.010478670708835125,0.42745518684387207,0.5922442078590393,0.005740731954574585,0.44319576025009155,0.5826111435890198,0.0006463360041379929,0.4138976037502289,0.4883638024330139,0.0117834797129035,0.4626113772392273,0.500379204750061,-0.00029487794381566346,0.49649879336357117,0.5233121514320374,-0.012895606458187103,0.5218707323074341,0.544755220413208,-0.02163984440267086,0.4106397330760956,0.48104915022850037,-0.0018477954436093569,0.4707779884338379,0.4898311495780945,-0.013090353459119797,0.5062461495399475,0.5194872617721558,-0.02218794636428356,0.5314217805862427,0.5478558540344238,-0.028376242145895958,0.40986645221710205,0.49229666590690613,-0.016415810212492943,0.47010481357574463,0.4954640865325928,-0.026523184031248093,0.50677490234375,0.5213141441345215,-0.03271107375621796,0.5305929183959961,0.5483617186546326,-0.03631410375237465,0.41161754727363586,0.5193566679954529,-0.03092958591878414,0.4597153067588806,0.5172713398933411,-0.03786567971110344,0.4885793924331665,0.5319671630859375,-0.040119439363479614,0.5094737410545349,0.5504156351089478,-0.04146544635295868
/Users/denis/museum-app/venv/bin/python /Users/denis/museum-app/src/ai/data_collection.py,0.329024076461792,0.6178855895996094,2.1405769246030104e-07,0.37993448972702026,0.6333004236221313,0.01277866493910551,0.40908604860305786,0.6068059206008911,0.015591131523251534,0.42711880803108215,0.5941643118858337,0.012809636071324348,0.4422498345375061,0.5885928869247437,0.009452005848288536,0.4149813950061798,0.49463894963264465,0.01842203363776207,0.46053773164749146,0.5152885317802429,0.008185692131519318,0.4938039779663086,0.5390481352806091,-0.0037562367506325245,0.5180923342704773,0.5596104860305786,-0.011918386444449425,0.4130095839500427,0.48652371764183044,0.0042429822497069836,0.46911442279815674,0.5056039094924927,-0.004991662688553333,0.5036515593528748,0.5327414870262146,-0.013614716939628124,0.5290166139602661,0.5570040941238403,-0.01961817406117916,0.41308629512786865,0.49323517084121704,-0.011096516624093056,0.47124916315078735,0.49890080094337463,-0.019763696938753128,0.5074725151062012,0.5205029845237732,-0.026443323120474815,0.531915545463562,0.5427261590957642,-0.030430836603045464,0.4157155752182007,0.5124133229255676,-0.026220493018627167,0.4628712236881256,0.5050667524337769,-0.03269809111952782,0.4929293394088745,0.5136013031005859,-0.03575645759701729,0.5159597992897034,0.5268648862838745,-0.03774810954928398
/Users/denis/museum-app/venv/bin/python /Users/denis/museum-app/src/ai/data_collection.py,0.3475293815135956,0.6359530687332153,2.6323448309995e-07,0.3850235939025879,0.641867458820343,0.0019088605185970664,0.4081665575504303,0.6009083986282349,0.0023768236860632896,0.41838327050209045,0.5682282447814941,-0.0008504778379574418,0.43027645349502563,0.5487406253814697,-0.004761963151395321,0.43550464510917664,0.5398030281066895,0.012172105722129345,0.47102808952331543,0.5205557346343994,-0.0009895672556012869,0.5015784502029419,0.5179216265678406,-0.014302189461886883,0.5269669890403748,0.5173776745796204,-0.022646402940154076,0.43251296877861023,0.5222971439361572,0.0022526057437062263,0.4739114046096802,0.4966273009777069,-0.00832776352763176,0.5067494511604309,0.491411030292511,-0.018243320286273956,0.5357043147087097,0.48882848024368286,-0.024790648370981216,0.4250754714012146,0.5079454183578491,-0.010287241078913212,0.46496903896331787,0.4700414538383484,-0.020684991031885147,0.4973912835121155,0.46335291862487793,-0.027529999613761902,0.5250902771949768,0.4616316258907318,-0.031166842207312584,0.4134288728237152,0.49787163734436035,-0.023550784215331078,0.44507256150245667,0.45519083738327026,-0.031141554936766624,0.4717007279396057,0.4398392140865326,-0.03358063846826553,0.4960038661956787,0.4328368306159973,-0.03492054343223572
/Users/denis/museum-app/venv/bin/python /Users/denis/museum-app/src/ai/data_collection.py,0.32801032066345215,0.628544807434082,2.666944283191697e-07,0.3648170232772827,0.6506227254867554,7.994689076440409e-05,0.3984558582305908,0.6152417659759521,0.005485340021550655,0.41685935854911804,0.5856718420982361,0.009843324311077595,0.4328499436378479,0.5736005306243896,0.01395152322947979,0.4130808711051941,0.5005760788917542,0.006733285263180733,0.44705477356910706,0.4660688042640686,0.001491725561209023,0.47251370549201965,0.4479541480541229,-0.003815913340076804,0.49431654810905457,0.4332900941371918,-0.008195489645004272,0.40309396386146545,0.47184181213378906,0.0008176382398232818,0.4413306713104248,0.42862454056739807,-0.004790142178535461,0.47118261456489563,0.4107287526130676,-0.010107811540365219,0.4988241195678711,0.39536726474761963,-0.013763045892119408,0.38680121302604675,0.4531666040420532,-0.0068199606612324715,0.4194861948490143,0.38725125789642334,-0.01607530564069748,0.44649308919906616,0.3523200750350952,-0.024679936468601227,0.47200992703437805,0.32369571924209595,-0.029829612001776695,0.3643435835838318,0.446388840675354,-0.01439369935542345,0.38225117325782776,0.38303059339523315,-0.024005260318517685,0.4002886414527893,0.34820908308029175,-0.03028387948870659,0.4198668897151947,0.32088953256607056,-0.03443695977330208
/Users/denis/museum-app/venv/bin/python /Users/denis/museum-app/src/ai/data_collection.py,0.30012091994285583,0.6164640188217163,3.123006138139317e-07,0.34720075130462646,0.6438934803009033,-0.008442479185760021,0.39266517758369446,0.616399347782135,-0.0061670090071856976,0.42033201456069946,0.5905587673187256,-0.003431690623983741,0.44171199202537537,0.5898257493972778,-0.00053238938562572,0.4020160436630249,0.49037083983421326,0.0014403930399566889,0.4392346143722534,0.4443526566028595,-0.001720437896437943,0.46203795075416565,0.41505682468414307,-0.006491180509328842,0.4798109829425812,0.38936668634414673,-0.010847605764865875,0.38498303294181824,0.45078378915786743,-0.000434343732194975,0.4220554232597351,0.3868618607521057,-0.0037587452679872513,0.44777876138687134,0.3486568331718445,-0.009245543740689754,0.46803411841392517,0.3162606358528137,-0.013354765251278877,0.36252734065055847,0.4271208643913269,-0.004286348354071379,0.39220744371414185,0.3526168465614319,-0.011351758614182472,0.4140945076942444,0.31025612354278564,-0.019909538328647614,0.43237873911857605,0.2747349739074707,-0.02543739229440689,0.33384159207344055,0.418131560087204,-0.008909337222576141,0.3471454083919525,0.34700101613998413,-0.017692217603325844,0.35981717705726624,0.30320262908935547,-0.023251548409461975,0.3730236887931824,0.2652547061443329,-0.026700153946876526
/Users/denis/museum-app/venv/bin/python /Users/denis/museum-app/src/ai/data_collection.py,0.2756099998950958,0.6212323904037476,2.856268110917881e-07,0.33014190196990967,0.643549382686615,-0.012075991369783878,0.3825642466545105,0.6145738959312439,-0.011446822434663773,0.4169195592403412,0.5827522277832031,-0.010677626356482506,0.44178709387779236,0.580647885799408,-0.010077615268528461,0.384491890668869,0.47623878717422485,-0.0007939264760352671,0.42048677802085876,0.41996634006500244,-0.006575192790478468,0.44215160608291626,0.38595837354660034,-0.013951164670288563,0.45973554253578186,0.35587960481643677,-0.020365577191114426,0.3622573912143707,0.43618011474609375,-0.003029544372111559,0.3955612778663635,0.35635906457901,-0.008537663146853447,0.417338490486145,0.3085375428199768,-0.017109885811805725,0.43449604511260986,0.2681911885738373,-0.023675670847296715,0.33618831634521484,0.4150497317314148,-0.007583961822092533,0.36322611570358276,0.3314414620399475,-0.01660248637199402,0.3814318776130676,0.28044986724853516,-0.027239670976996422,0.3963190019130707,0.23729389905929565,-0.03445236012339592,0.3040030896663666,0.40990835428237915,-0.013430208899080753,0.31366586685180664,0.33456289768218994,-0.025231732055544853,0.322207510471344,0.2859286665916443,-0.03274339810013771,0.33132120966911316,0.2413816899061203,-0.03724159300327301
/Users/denis/museum-app/venv/bin/python /Users/denis/museum-app/src/ai/data_collection.py,0.2661229074001312,0.627355694770813,2.9995098316248914e-07,0.32258060574531555,0.6452034711837769,-0.012061519548296928,0.37541529536247253,0.6145126819610596,-0.012463697232306004,0.41142868995666504,0.5844429135322571,-0.013030643574893475,0.4390583634376526,0.5800635814666748,-0.013319285586476326,0.38076072931289673,0.473575621843338,0.0014926564181223512,0.41753751039505005,0.41550254821777344,-0.004436974413692951,0.43944403529167175,0.37838467955589294,-0.012271938845515251,0.4573667347431183,0.3452794849872589,-0.019087497144937515,0.35857629776000977,0.43357545137405396,-0.0013377160066738725,0.39212194085121155,0.3495907187461853,-0.007247945759445429,0.41355252265930176,0.2986748516559601,-0.016051793470978737,0.43128228187561035,0.25425735116004944,-0.022709673270583153,0.3318119943141937,0.4127415418624878,-0.0067836083471775055,0.3570944368839264,0.3280408978462219,-0.016277993097901344,0.37470391392707825,0.2770831286907196,-0.02651813253760338,0.39026033878326416,0.23268435895442963,-0.03321729972958565,0.29849669337272644,0.4065660238265991,-0.01363518089056015,0.3070453703403473,0.3290848731994629,-0.0245510321110487,0.31393885612487793,0.2792345881462097,-0.030833154916763306,0.32241541147232056,0.23239627480506897,-0.034578822553157806
/Users/denis/museum-app/venv/bin/python /Users/denis/museum-app/src/ai/data_collection.py,0.2667382061481476,0.6344387531280518,2.6752431381282804e-07,0.32308655977249146,0.649743378162384,-0.010988596826791763,0.37654152512550354,0.6182450652122498,-0.011336669325828552,0.41291704773902893,0.585409939289093,-0.012324415147304535,0.44130831956863403,0.5797153115272522,-0.013309326954185963,0.3809378147125244,0.47548574209213257,0.0025930278934538364,0.41772720217704773,0.41637539863586426,-0.0036428174935281277,0.439715713262558,0.37911659479141235,-0.012035390362143517,0.4576190114021301,0.34601861238479614,-0.01934552751481533,0.35807448625564575,0.43571311235427856,-0.0010543015087023377,0.3921583294868469,0.35175350308418274,-0.006715068593621254,0.41364163160324097,0.2998497486114502,-0.016056956723332405,0.4306960105895996,0.2553021311759949,-0.02357664331793785,0.3312038481235504,0.41590815782546997,-0.007300962693989277,0.35663819313049316,0.3291270434856415,-0.01610758900642395,0.3745996952056885,0.2770490348339081,-0.026834847405552864,0.3901304304599762,0.2331959754228592,-0.03454425185918808,0.2985381484031677,0.41126009821891785,-0.014951272867619991,0.30582740902900696,0.3334692716598511,-0.025750571861863136,0.31272950768470764,0.28289395570755005,-0.03264092653989792,0.3215646743774414,0.23628665506839752,-0.037201009690761566
/Users/denis/museum-app/venv/bin/python /Users/denis/museum-app/src/ai/data_collection.py,0.26758360862731934,0.6371089220046997,2.704680639453727e-07,0.3240618407726288,0.6509096622467041,-0.01091504655778408,0.3777400255203247,0.6199935674667358,-0.011545563116669655,0.4148756265640259,0.5900428295135498,-0.012958379462361336,0.44303345680236816,0.5837127566337585,-0.014434155076742172,0.38213202357292175,0.4781346023082733,0.002718806266784668,0.41933679580688477,0.41930916905403137,-0.0040779393166303635,0.44182583689689636,0.3824981153011322,-0.013034953735768795,0.46018731594085693,0.34947994351387024,-0.020595338195562363,0.359436959028244,0.4387066960334778,-0.0011518859537318349,0.3934292197227478,0.3537505567073822,-0.006792254280298948,0.4152248203754425,0.3019184172153473,-0.016165411099791527,0.43243440985679626,0.25735121965408325,-0.023764895275235176,0.3327179551124573,0.41899797320365906,-0.0077015855349600315,0.35849106311798096,0.3308250308036804,-0.016315894201397896,0.3763796389102936,0.27900430560112,-0.02678418532013893,0.3916677236557007,0.23573599755764008,-0.03432835265994072,0.30033421516418457,0.41444727778434753,-0.015718933194875717,0.30751270055770874,0.3358023166656494,-0.026266662403941154,0.3143733739852905,0.28512391448020935,-0.032829198986291885,0.3228532671928406,0.23842327296733856,-0.037150222808122635
/Users/denis/museum-app/venv/bin/python /Users/denis/museum-app/src/ai/data_collection.py,0.26626670360565186,0.6396185159683228,2.816558435370098e-07,0.3223559558391571,0.6528834104537964,-0.012444211170077324,0.376552551984787,0.6209954023361206,-0.013984632678329945,0.41462936997413635,0.591027021408081,-0.016040591523051262,0.4439414441585541,0.5874071717262268,-0.01797165349125862,0.3825240731239319,0.4800611436367035,0.0010545967379584908,0.4199833571910858,0.4205368161201477,-0.006074188277125359,0.44197922945022583,0.3829335570335388,-0.01509880367666483,0.4596746265888214,0.34969890117645264,-0.022719595581293106,0.35944104194641113,0.43946996331214905,-0.002392478985711932,0.39406195282936096,0.353967547416687,-0.008544843643903732,0.41557714343070984,0.3014410138130188,-0.01816406100988388,0.43232226371765137,0.25667327642440796,-0.025789598003029823,0.33216917514801025,0.4193108081817627,-0.008589343167841434,0.3580852746963501,0.33137309551239014,-0.01769818551838398,0.3758193850517273,0.2787829637527466,-0.028540413826704025,0.39106467366218567,0.23510603606700897,-0.036256346851587296,0.2990480363368988,0.41470587253570557,-0.016355350613594055,0.30665460228919983,0.33689919114112854,-0.02740103006362915,0.31329652667045593,0.2863003611564636,-0.03434447571635246,0.3216816484928131,0.23963570594787598,-0.03883745148777962
/Users/denis/museum-app/venv/bin/python /Users/denis/museum-app/src/ai/data_collection.py,0.2669464647769928,0.6390600800514221,2.705120891732804e-07,0.323992520570755,0.6528993844985962,-0.01115486677736044,0.3789605498313904,0.6193325519561768,-0.011629999615252018,0.41597801446914673,0.5889469385147095,-0.012814533896744251,0.4444389045238495,0.5871303081512451,-0.014036650769412518,0.38243940472602844,0.4781743586063385,0.0016865170327946544,0.4198211431503296,0.4192558526992798,-0.004888364113867283,0.44162246584892273,0.3816418945789337,-0.013242233544588089,0.4588290750980377,0.3488306999206543,-0.02043999917805195,0.3584263324737549,0.4385278820991516,-0.002165966434404254,0.39318883419036865,0.3522517681121826,-0.008091545663774014,0.4148550033569336,0.3005402982234955,-0.017358141019940376,0.43166470527648926,0.25652003288269043,-0.02474576234817505,0.3307458758354187,0.41920679807662964,-0.008601914159953594,0.3562941253185272,0.33084940910339355,-0.017558934167027473,0.3742317855358124,0.27816489338874817,-0.028438489884138107,0.389497309923172,0.23407629132270813,-0.03626637160778046,0.29761332273483276,0.41504865884780884,-0.016444379463791847,0.3045044541358948,0.33725565671920776,-0.027406945824623108,0.31084954738616943,0.2867841124534607,-0.03442494198679924,0.3187209367752075,0.24016126990318298,-0.03907490149140358
/Users/denis/museum-app/venv/bin/python /Users/denis/museum-app/src/ai/data_collection.py,0.26483994722366333,0.6420931220054626,2.816110793446569e-07,0.32139167189598083,0.6546931266784668,-0.012589158490300179,0.37651264667510986,0.6203150749206543,-0.014011315070092678,0.4146179258823395,0.5902623534202576,-0.01584686152637005,0.4436069130897522,0.5876287221908569,-0.017531799152493477,0.3796536326408386,0.4785756766796112,-0.0004325342015363276,0.41789960861206055,0.4189852476119995,-0.0076265898533165455,0.440297394990921,0.3812580704689026,-0.01629597693681717,0.4579199552536011,0.3481748402118683,-0.023687463253736496,0.3562157452106476,0.4386943578720093,-0.003823337610810995,0.3911365568637848,0.35161831974983215,-0.010220140218734741,0.4130052924156189,0.29952046275138855,-0.01953071355819702,0.4298020303249359,0.2554768919944763,-0.0268846545368433,0.3288537263870239,0.4192739725112915,-0.00987326167523861,0.35382768511772156,0.32957375049591064,-0.019284788519144058,0.37177401781082153,0.2772243916988373,-0.030119681730866432,0.3869497776031494,0.23368117213249207,-0.03783469647169113,0.29600757360458374,0.4156918525695801,-0.017451338469982147,0.3024318218231201,0.33736181259155273,-0.02898426726460457,0.30842477083206177,0.2859688997268677,-0.03622586280107498,0.31597280502319336,0.2384900003671646,-0.0409269742667675
/Users/denis/museum-app/venv/bin/python /Users/denis/museum-app/src/ai/data_collection.py,0.2701030373573303,0.642642080783844,2.4736979753470223e-07,0.32628506422042847,0.6549981236457825,-0.00909239798784256,0.3779279589653015,0.6172258257865906,-0.008409388363361359,0.4110831320285797,0.5809167623519897,-0.008764651603996754,0.4358397126197815,0.5748780965805054,-0.009430419653654099,0.3786587715148926,0.4765119254589081,0.002249170560389757,0.41534867882728577,0.41526204347610474,-0.004990033805370331,0.4379095733165741,0.3778963088989258,-0.013540377840399742,0.45632877945899963,0.34618526697158813,-0.020662952214479446,0.35509225726127625,0.4398597180843353,-0.0024959079455584288,0.3899543583393097,0.35431158542633057,-0.00923104863613844,0.412799596786499,0.30289942026138306,-0.01831638813018799,0.43089157342910767,0.2590598464012146,-0.025535937398672104,0.32828474044799805,0.4236588180065155,-0.009736919775605202,0.3530876040458679,0.3338317275047302,-0.018959352746605873,0.3719450533390045,0.2802332043647766,-0.029408639296889305,0.3884570300579071,0.23518986999988556,-0.03701340779662132,0.2966349124908447,0.42274749279022217,-0.01823565363883972,0.30361708998680115,0.3437231779098511,-0.029389621689915657,0.31189578771591187,0.29137372970581055,-0.03659294545650482,0.32220011949539185,0.24332831799983978,-0.04159587249159813
/Users/denis/museum-app/venv/bin/python /Users/denis/museum-app/src/ai/data_collection.py,0.2547246813774109,0.6403559446334839,2.164922392466906e-07,0.30692586302757263,0.6109452843666077,0.00586696295067668,0.3414261043071747,0.5492643117904663,0.0058039212599396706,0.36669811606407166,0.5051945447921753,0.0013437693705782294,0.39305412769317627,0.4763203263282776,-0.002897166647017002,0.34683969616889954,0.45596763491630554,0.011666979640722275,0.39259976148605347,0.4030782878398895,0.0018833186477422714,0.42450398206710815,0.375752329826355,-0.008208557032048702,0.4491168260574341,0.3565252423286438,-0.015601761639118195,0.34616032242774963,0.4639032781124115,-0.00013420027971733361,0.39741045236587524,0.4117972254753113,-0.007544472347944975,0.4310392737388611,0.3838695287704468,-0.015639416873455048,0.4583349823951721,0.36277610063552856,-0.0222212765365839,0.3458365797996521,0.48704662919044495,-0.013325048610568047,0.39594292640686035,0.4491548240184784,-0.01862550526857376,0.428487092256546,0.4301687479019165,-0.022062178701162338,0.45393404364585876,0.41539666056632996,-0.025884630158543587,0.34602466225624084,0.5238626599311829,-0.027186639606952667,0.38156673312187195,0.49937382340431213,-0.029384879395365715,0.40504053235054016,0.4823019504547119,-0.028678178787231445,0.42460501194000244,0.46993717551231384,-0.02916165068745613
/Users/denis/museum-app/venv/bin/python /Users/denis/museum-app/src/ai/data_collection.py,0.2666388750076294,0.6355070471763611,3.892516815540148e-07,0.30673062801361084,0.5754210352897644,0.018019938841462135,0.3423503637313843,0.5216262936592102,0.018937701359391212,0.37603941559791565,0.49817588925361633,0.014109049923717976,0.40538299083709717,0.48949137330055237,0.0088121946901083,0.3459191620349884,0.4505738317966461,0.00710566621273756,0.3961521089076996,0.404590904712677,-0.0022304204758256674,0.4288187623023987,0.38826417922973633,-0.008257269859313965,0.45509427785873413,0.3809964656829834,-0.011851244606077671,0.34772199392318726,0.46406030654907227,-0.009887630119919777,0.4184817671775818,0.4378271698951721,-0.018660610541701317,0.46188679337501526,0.4349340498447418,-0.02329959347844124,0.4960246682167053,0.43706566095352173,-0.026441523805260658,0.3504491150379181,0.4966977536678314,-0.02613210305571556,0.42075878381729126,0.48453816771507263,-0.03392521291971207,0.46298590302467346,0.4908161461353302,-0.037479959428310394,0.4944074749946594,0.49890896677970886,-0.03971025347709656,0.3543833792209625,0.5425267815589905,-0.0411093644797802,0.41045963764190674,0.536176860332489,-0.04414841905236244,0.4434066712856293,0.5362630486488342,-0.04275117442011833,0.47049808502197266,0.5385253429412842,-0.041721343994140625
/Users/denis/museum-app/venv/bin/python /Users/denis/museum-app/src/ai/data_collection.py,0.26725518703460693,0.6396582126617432,3.345789707509539e-07,0.31147247552871704,0.605592668056488,0.011525251902639866,0.3504798710346222,0.5516341328620911,0.01114075630903244,0.38268035650253296,0.5201589465141296,0.005967787932604551,0.4098357558250427,0.4978061318397522,0.00019564988906495273,0.3481907546520233,0.4754709005355835,0.0005972617072984576,0.39898407459259033,0.4218594431877136,-0.01173530425876379,0.4340294599533081,0.40223756432533264,-0.02013510651886463,0.4612081050872803,0.3925486207008362,-0.025671280920505524,0.3492208421230316,0.4835549592971802,-0.01454138569533825,0.41500023007392883,0.4409357011318207,-0.024878958240151405,0.458936870098114,0.43212181329727173,-0.031129399314522743,0.493371844291687,0.43264177441596985,-0.035804588347673416,0.35146796703338623,0.5100108981132507,-0.029621414840221405,0.41438594460487366,0.4677768647670746,-0.03825076296925545,0.45696020126342773,0.45560798048973083,-0.043209899216890335,0.4903789162635803,0.45231902599334717,-0.04743378981947899,0.3564300239086151,0.5500461459159851,-0.04423293098807335,0.401833713054657,0.5217325687408447,-0.0503515861928463,0.4327440559864044,0.5093442797660828,-0.05224163830280304,0.4590228199958801,0.5040646195411682,-0.0541071817278862
/Users/denis/museum-app/venv/bin/python /Users/denis/museum-app/src/ai/data_collection.py,0.2681875228881836,0.6323390603065491,3.5017424693251087e-07,0.30911651253700256,0.591206967830658,0.010534060187637806,0.34759533405303955,0.5310289263725281,0.010555526241660118,0.3786499500274658,0.49474966526031494,0.006030438467860222,0.4028170704841614,0.4649421274662018,0.0008499941322952509,0.35128331184387207,0.4747828245162964,-0.0022918805480003357,0.40362516045570374,0.41616588830947876,-0.017388783395290375,0.4415247142314911,0.38874489068984985,-0.027232028543949127,0.47239381074905396,0.37325191497802734,-0.03314754739403725,0.34996581077575684,0.4795684516429901,-0.017651401460170746,0.40951991081237793,0.4175436198711395,-0.030681556090712547,0.4518311023712158,0.3926018178462982,-0.03881852328777313,0.4859655201435089,0.37932461500167847,-0.044154319912195206,0.3502280116081238,0.5040265321731567,-0.03285070136189461,0.4089456796646118,0.45493775606155396,-0.043551333248615265,0.44952210783958435,0.43529021739959717,-0.04966086521744728,0.48250430822372437,0.42367875576019287,-0.054153040051460266,0.3522789478302002,0.5445254445075989,-0.04765396937727928,0.39404481649398804,0.5151118636131287,-0.055575862526893616,0.42311304807662964,0.4997011423110962,-0.05834300443530083,0.4489595293998718,0.49044069647789,-0.06052150949835777
/Users/denis/museum-app/venv/bin/python /Users/denis/museum-app/src/ai/data_collection.py,0.279307097196579,0.6497335433959961,1.2557808304336504e-07,0.33234092593193054,0.6452776789665222,0.0037029956001788378,0.36824551224708557,0.5896087884902954,0.006219568662345409,0.3894885182380676,0.5544862151145935,0.0048310221172869205,0.40923553705215454,0.5306612849235535,0.0028550538700073957,0.3705621361732483,0.48276957869529724,0.011341222561895847,0.4006292223930359,0.41811603307724,0.00042183883488178253,0.42608731985092163,0.3816501200199127,-0.01016946416348219,0.4487282931804657,0.3531023859977722,-0.018204953521490097,0.36112576723098755,0.47542858123779297,-0.0006828067125752568,0.3941999673843384,0.4050653576850891,-0.011586211621761322,0.4222355782985687,0.3669663071632385,-0.022448087111115456,0.44931015372276306,0.335445761680603,-0.03028741478919983,0.3499033451080322,0.47854676842689514,-0.01453910768032074,0.38204652070999146,0.4107213616371155,-0.026105299592018127,0.4089546203613281,0.3751909136772156,-0.03336138278245926,0.43414658308029175,0.34593355655670166,-0.03813400864601135,0.3381231427192688,0.4922800362110138,-0.028838856145739555,0.3623887598514557,0.43868187069892883,-0.03942732885479927,0.38350561261177063,0.40776193141937256,-0.04373792186379433,0.40436026453971863,0.3842194676399231,-0.04652676358819008
/Users/denis/museum-app/venv/bin/python /Users/denis/museum-app/src/ai/data_collection.py,0.26535701751708984,0.6600825786590576,5.041896429247572e-07,0.3188895285129547,0.6649912595748901,-0.024581534788012505,0.37415191531181335,0.6340510845184326,-0.03322143107652664,0.4183453619480133,0.6084393262863159,-0.039870087057352066,0.45221176743507385,0.6059101819992065,-0.04630745202302933,0.3652954697608948,0.4835076630115509,-0.018003005534410477,0.40120717883110046,0.41810083389282227,-0.029735228046774864,0.42393916845321655,0.37344905734062195,-0.04115063324570656,0.4411078691482544,0.33115366101264954,-0.05060477554798126,0.33593836426734924,0.44321829080581665,-0.018595188856124878,0.36068931221961975,0.3428114056587219,-0.029036177322268486,0.37742677330970764,0.27922728657722473,-0.04167485237121582,0.38894686102867126,0.2243681252002716,-0.0511334128677845,0.30375534296035767,0.43067607283592224,-0.022137677296996117,0.3174625337123871,0.33068346977233887,-0.03574535623192787,0.32781854271888733,0.2660321891307831,-0.0496041513979435,0.33635851740837097,0.21182438731193542,-0.058748144656419754,0.2686663269996643,0.442190021276474,-0.027962366119027138,0.26624438166618347,0.3600684702396393,-0.04289104789495468,0.263688862323761,0.30591726303100586,-0.0517660491168499,0.26391565799713135,0.25553223490715027,-0.05681391432881355
/Users/denis/museum-app/venv/bin/python /Users/denis/museum-app/src/ai/data_collection.py,0.2503258287906647,0.6644062995910645,4.2587080884004536e-07,0.3082461655139923,0.6616806983947754,-0.0212220698595047,0.36155736446380615,0.6264382004737854,-0.0309581495821476,0.40548813343048096,0.5936129689216614,-0.040127236396074295,0.44122475385665894,0.5844827890396118,-0.04949624091386795,0.35037243366241455,0.4704906940460205,-0.016355864703655243,0.3865939676761627,0.39720040559768677,-0.030307818204164505,0.40858355164527893,0.3520260453224182,-0.042839597910642624,0.4264459013938904,0.311177134513855,-0.05269785225391388,0.31999534368515015,0.4324616491794586,-0.01933823712170124,0.34383803606033325,0.32889091968536377,-0.03099413588643074,0.3595709502696991,0.26562613248825073,-0.04255468398332596,0.3709312379360199,0.21247446537017822,-0.05146494135260582,0.2860666513442993,0.42199039459228516,-0.02541540004312992,0.2990342378616333,0.3179113268852234,-0.039694879204034805,0.30799734592437744,0.25291764736175537,-0.05192011594772339,0.31636667251586914,0.1978457272052765,-0.06024175509810448,0.24963340163230896,0.43513670563697815,-0.033605460077524185,0.24181914329528809,0.35041406750679016,-0.04959619790315628,0.23742637038230896,0.29533547163009644,-0.058213479816913605,0.236328125,0.24321934580802917,-0.06317226588726044
/Users/denis/museum-app/venv/bin/python /Users/denis/museum-app/src/ai/data_collection.py,0.2429998815059662,0.6611777544021606,4.018602908217872e-07,0.30144941806793213,0.6509939432144165,-0.02059432864189148,0.35404130816459656,0.6094555258750916,-0.03065011464059353,0.3973025679588318,0.572469174861908,-0.040542300790548325,0.43346160650253296,0.5618569254875183,-0.05071743577718735,0.3434271812438965,0.45969536900520325,-0.015919461846351624,0.37776243686676025,0.38429492712020874,-0.030946848914027214,0.3969138264656067,0.33568620681762695,-0.044338930398225784,0.41252702474594116,0.29128575325012207,-0.05481608584523201,0.3110952377319336,0.42499932646751404,-0.01931142807006836,0.3326619565486908,0.31875497102737427,-0.032579369843006134,0.34675127267837524,0.25275978446006775,-0.04519868269562721,0.35743725299835205,0.1946975588798523,-0.054646242409944534,0.27671998739242554,0.4174736738204956,-0.025660650804638863,0.2865346074104309,0.31240832805633545,-0.0410856157541275,0.2935250699520111,0.24579225480556488,-0.05336133763194084,0.3009917736053467,0.1868583858013153,-0.061587654054164886,0.2407233864068985,0.43192559480667114,-0.03406275436282158,0.23147282004356384,0.34909671545028687,-0.05043474957346916,0.22686854004859924,0.29458171129226685,-0.05869295820593834,0.225677490234375,0.24168089032173157,-0.0633782148361206
/Users/denis/museum-app/venv/bin/python /Users/denis/museum-app/src/ai/data_collection.py,0.237981915473938,0.658980131149292,3.378991948466137e-07,0.29397085309028625,0.6451345086097717,-0.019803283736109734,0.3440331518650055,0.6022551655769348,-0.029283257201313972,0.3813284635543823,0.5572904944419861,-0.0386178120970726,0.4148334562778473,0.5337233543395996,-0.04806114360690117,0.3376215398311615,0.4585365056991577,-0.015065738931298256,0.3689628541469574,0.3816484808921814,-0.03013266809284687,0.3865842819213867,0.3340671956539154,-0.043552644550800323,0.4016968905925751,0.2892589569091797,-0.05386940762400627,0.30454304814338684,0.42737528681755066,-0.01793520897626877,0.32527676224708557,0.32781127095222473,-0.030770597979426384,0.3381026089191437,0.2667955160140991,-0.04323546588420868,0.34928983449935913,0.21075525879859924,-0.052829310297966,0.2702998220920563,0.42142122983932495,-0.023680299520492554,0.28011494874954224,0.32868295907974243,-0.037713874131441116,0.28685110807418823,0.2695792317390442,-0.048202838748693466,0.29478493332862854,0.21531620621681213,-0.055672645568847656,0.2346823811531067,0.43468210101127625,-0.03157523646950722,0.2295161336660385,0.3613955080509186,-0.04566989839076996,0.22635814547538757,0.3138768672943115,-0.051997750997543335,0.2256319373846054,0.2666800618171692,-0.05573340132832527
/Users/denis/museum-app/venv/bin/python /Users/denis/museum-app/src/ai/data_collection.py,0.23250985145568848,0.6623260974884033,1.6727391027870908e-07,0.28785598278045654,0.6423224210739136,-0.020181788131594658,0.3370824158191681,0.5943571925163269,-0.02819831855595112,0.37039169669151306,0.5420257449150085,-0.03648260608315468,0.39688533544540405,0.5007534623146057,-0.0440463051199913,0.32942312955856323,0.46066612005233765,-0.005030218046158552,0.35108962655067444,0.3902345597743988,-0.02215251512825489,0.3608711063861847,0.36083289980888367,-0.03743571415543556,0.36663612723350525,0.35690176486968994,-0.046015381813049316,0.2994571626186371,0.43060949444770813,-0.005209924653172493,0.31904858350753784,0.3416855037212372,-0.021403351798653603,0.3240017890930176,0.320045530796051,-0.034867942333221436,0.3242780864238739,0.3410608768463135,-0.0411614365875721,0.2669426202774048,0.42221710085868835,-0.009270532056689262,0.2773624062538147,0.33757174015045166,-0.024597864598035812,0.2820053994655609,0.30355143547058105,-0.03449832275509834,0.2867654860019684,0.3096531629562378,-0.038565877825021744,0.2298736274242401,0.4314388334751129,-0.015479739755392075,0.22828003764152527,0.3671191930770874,-0.029359793290495872,0.2313615381717682,0.33402833342552185,-0.0359535738825798,0.23649342358112335,0.3280126750469208,-0.03772265091538429
/Users/denis/museum-app/venv/bin/python /Users/denis/museum-app/src/ai/data_collection.py,0.22676175832748413,0.6579527854919434,-3.42567687994233e-07,0.2848297953605652,0.6273112893104553,-0.012956308200955391,0.33325839042663574,0.567340612411499,-0.020166607573628426,0.3582782745361328,0.49635326862335205,-0.028815941885113716,0.35338693857192993,0.4271950423717499,-0.034227434545755386,0.32719069719314575,0.45368528366088867,-0.003105016890913248,0.3482578992843628,0.38857272267341614,-0.026550354436039925,0.33847230672836304,0.46128392219543457,-0.03973422944545746,0.32337987422943115,0.5041491389274597,-0.04449873045086861,0.2964835464954376,0.4349841773509979,-0.007471121847629547,0.3152632713317871,0.3601583242416382,-0.03059142455458641,0.30720749497413635,0.4531807005405426,-0.03634418547153473,0.2930411994457245,0.49970418214797974,-0.034401193261146545,0.26242518424987793,0.4283505380153656,-0.015162433497607708,0.2780349552631378,0.3558846712112427,-0.03943610563874245,0.27669191360473633,0.44998249411582947,-0.029924040660262108,0.2669927775859833,0.4978172779083252,-0.016691554337739944,0.22455380856990814,0.43299341201782227,-0.023906990885734558,0.2423306107521057,0.3768623471260071,-0.040092241019010544,0.2466423362493515,0.4439624845981598,-0.028954563662409782,0.23997631669044495,0.48586156964302063,-0.015739139169454575
/Users/denis/museum-app/venv/bin/python /Users/denis/museum-app/src/ai/data_collection.py,0.22576922178268433,0.6567456722259521,-3.591524091461906e-07,0.28260865807533264,0.6296613216400146,-0.01695231720805168,0.3300343453884125,0.5689483284950256,-0.022780995815992355,0.3518792986869812,0.48945292830467224,-0.028836438432335854,0.3488612174987793,0.42158040404319763,-0.030174318701028824,0.31957200169563293,0.4681956470012665,-0.0010884917574003339,0.3399810194969177,0.4123876690864563,-0.02452113665640354,0.32571977376937866,0.4861728549003601,-0.03377092257142067,0.3149382770061493,0.5061653852462769,-0.036671340465545654,0.2908216118812561,0.45314961671829224,-0.002492638071998954,0.30842339992523193,0.4031175374984741,-0.02895871177315712,0.2962017357349396,0.49292072653770447,-0.033372972160577774,0.28750351071357727,0.5022496581077576,-0.030741475522518158,0.25956273078918457,0.44731831550598145,-0.008168990723788738,0.27703362703323364,0.3996970057487488,-0.03897317126393318,0.26797452569007874,0.48939281702041626,-0.028989126905798912,0.25906702876091003,0.5022442936897278,-0.014746204018592834,0.22303208708763123,0.44660788774490356,-0.014760054647922516,0.2424757331609726,0.4139614999294281,-0.03352559730410576,0.23982830345630646,0.47882699966430664,-0.022738521918654442,0.2303401082754135,0.4959280490875244,-0.009876780211925507
/Users/denis/museum-app/venv/bin/python /Users/denis/museum-app/src/ai/data_collection.py,0.22775331139564514,0.6596167087554932,-3.266408157287515e-07,0.28009840846061707,0.6375492215156555,-0.020007310435175896,0.3304501473903656,0.5773917436599731,-0.026677541434764862,0.35349053144454956,0.4966866374015808,-0.03251888230443001,0.3489685654640198,0.42817017436027527,-0.03330307826399803,0.3204258680343628,0.4785915017127991,-0.003115685423836112,0.3438178300857544,0.42659157514572144,-0.026226790621876717,0.3261473476886749,0.5021876096725464,-0.035233765840530396,0.31490278244018555,0.5134328603744507,-0.03862879425287247,0.2910899221897125,0.4621694087982178,-0.0032266327179968357,0.3102306127548218,0.41937410831451416,-0.029199868440628052,0.2952497899532318,0.5097471475601196,-0.033733829855918884,0.2864669859409332,0.5070077776908875,-0.03160092607140541,0.2588055729866028,0.4564093351364136,-0.007767509203404188,0.2764285206794739,0.41530877351760864,-0.03828427940607071,0.26663923263549805,0.504291296005249,-0.02810397744178772,0.257745623588562,0.5066280961036682,-0.014320404268801212,0.22111549973487854,0.45381924510002136,-0.013385413214564323,0.2400134801864624,0.4274888038635254,-0.03146272525191307,0.2375147044658661,0.4924723207950592,-0.02016627974808216,0.22819280624389648,0.5033780932426453,-0.007340035401284695
/Users/denis/museum-app/venv/bin/python /Users/denis/museum-app/src/ai/data_collection.py,0.22880074381828308,0.6538488268852234,-3.0122700422907656e-07,0.2791502773761749,0.6361361742019653,-0.021028632298111916,0.3293516933917999,0.5766597986221313,-0.02845623344182968,0.35110148787498474,0.4957250952720642,-0.034881412982940674,0.3420531153678894,0.4306350648403168,-0.03596552833914757,0.3233063817024231,0.4778178930282593,-0.003246842185035348,0.34546932578086853,0.4244880676269531,-0.02656266838312149,0.32882702350616455,0.4978626072406769,-0.03508315607905388,0.31769272685050964,0.5080932378768921,-0.03788010776042938,0.29352590441703796,0.46079230308532715,-0.002965511055663228,0.3105997145175934,0.41911470890045166,-0.027619969099760056,0.29602715373039246,0.5091883540153503,-0.030424179509282112,0.28948408365249634,0.5014026165008545,-0.027025500312447548,0.2609582543373108,0.4554893374443054,-0.0074773384258151054,0.27611199021339417,0.41702672839164734,-0.03705265745520592,0.26693934202194214,0.5041810274124146,-0.02620072476565838,0.26070669293403625,0.501014769077301,-0.012217404320836067,0.2235621213912964,0.4531686007976532,-0.013288791291415691,0.23933561146259308,0.4308006167411804,-0.030811188742518425,0.2372724711894989,0.4932273030281067,-0.01953953318297863,0.23033061623573303,0.4998816251754761,-0.006854647304862738
/Users/denis/museum-app/venv/bin/python /Users/denis/museum-app/src/ai/data_collection.py,0.23042601346969604,0.6553959846496582,-3.090610505296354e-07,0.2796631455421448,0.6374063491821289,-0.020467454567551613,0.3301495909690857,0.5759879350662231,-0.027276426553726196,0.35191604495048523,0.49646633863449097,-0.03275328129529953,0.34585335850715637,0.42944133281707764,-0.03306049481034279,0.3235950469970703,0.4772842526435852,-0.00555912172421813,0.34615710377693176,0.42725422978401184,-0.02785966359078884,0.3288496732711792,0.5009373426437378,-0.03581169247627258,0.31711769104003906,0.5116899013519287,-0.03848060220479965,0.29488012194633484,0.4600517153739929,-0.005129115656018257,0.31237348914146423,0.41780832409858704,-0.030115937814116478,0.2976747751235962,0.5075531601905823,-0.033681824803352356,0.2885192930698395,0.5059859752655029,-0.030894368886947632,0.26298433542251587,0.45379775762557983,-0.008892446756362915,0.2789742350578308,0.4140163064002991,-0.038492340594530106,0.26925644278526306,0.5030961632728577,-0.028206083923578262,0.26040419936180115,0.5063630938529968,-0.01457405835390091,0.22607749700546265,0.4512160122394562,-0.013708587735891342,0.2432350218296051,0.4280692934989929,-0.031862642616033554,0.24039515852928162,0.49181056022644043,-0.02116992324590683,0.23131580650806427,0.5011723041534424,-0.008805041201412678
/Users/denis/museum-app/venv/bin/python /Users/denis/museum-app/src/ai/data_collection.py,0.23763591051101685,0.6517527103424072,1.934048015073131e-07,0.28811970353126526,0.6446669101715088,-0.016743624582886696,0.3357294201850891,0.6000143885612488,-0.020596841350197792,0.3637709617614746,0.5562699437141418,-0.024489235132932663,0.38353627920150757,0.5210444927215576,-0.02868328057229519,0.32703205943107605,0.4777009189128876,-0.0028698511887341738,0.34290018677711487,0.41917580366134644,-0.011982914991676807,0.35328495502471924,0.3892972767353058,-0.02218451350927353,0.35982459783554077,0.3712984621524811,-0.028837811201810837,0.29769161343574524,0.44932904839515686,-0.0024443049915134907,0.3129386305809021,0.3643468916416168,-0.014554877765476704,0.3161349296569824,0.36505305767059326,-0.025034576654434204,0.313050240278244,0.3925997316837311,-0.028980210423469543,0.2652631998062134,0.43763887882232666,-0.004328948445618153,0.2757732570171356,0.34831273555755615,-0.018974345177412033,0.27749577164649963,0.37003397941589355,-0.024347566068172455,0.2743283212184906,0.41972780227661133,-0.023364700376987457,0.22962459921836853,0.4416657090187073,-0.007751141674816608,0.23024068772792816,0.3637418746948242,-0.021969037130475044,0.23524782061576843,0.36919206380844116,-0.024576710537075996,0.23673102259635925,0.4065282344818115,-0.02218146063387394
/Users/denis/museum-app/venv/bin/python /Users/denis/museum-app/src/ai/data_collection.py,0.23709863424301147,0.663450300693512,4.416468470935797e-07,0.2929037809371948,0.6643095016479492,-0.023431895300745964,0.34417495131492615,0.6285999417304993,-0.03262932971119881,0.38214296102523804,0.5889701247215271,-0.03997497633099556,0.41468575596809387,0.5724124312400818,-0.046799641102552414,0.3276321291923523,0.46863043308258057,-0.014577900059521198,0.35700613260269165,0.3931965231895447,-0.025725631043314934,0.3735913336277008,0.34432870149612427,-0.036693114787340164,0.3866586685180664,0.3002992868423462,-0.04560283198952675,0.2954195439815521,0.4343463182449341,-0.013710456900298595,0.3126858174800873,0.339549720287323,-0.023412330076098442,0.32413211464881897,0.2829905152320862,-0.034211549907922745,0.33283117413520813,0.23338183760643005,-0.0423135869204998,0.26197460293769836,0.42475005984306335,-0.01585562340915203,0.26988470554351807,0.3309086561203003,-0.02830360271036625,0.27483853697776794,0.2744704782962799,-0.038898590952157974,0.2796027958393097,0.2243293821811676,-0.045698631554841995,0.22738972306251526,0.43627703189849854,-0.020227929577231407,0.22046419978141785,0.3577185273170471,-0.03385602682828903,0.21694360673427582,0.3090537488460541,-0.04091242700815201,0.21629643440246582,0.2626933157444,-0.0444590225815773
/Users/denis/museum-app/venv/bin/python /Users/denis/museum-app/src/ai/data_collection.py,0.23128360509872437,0.6784858703613281,4.338178882790089e-07,0.2899935841560364,0.6732195615768433,-0.023078307509422302,0.34425535798072815,0.6378017067909241,-0.03306543081998825,0.38406962156295776,0.6022845506668091,-0.042145296931266785,0.41745465993881226,0.5897852778434753,-0.050840072333812714,0.32808542251586914,0.46881404519081116,-0.01290380023419857,0.35974374413490295,0.3909769356250763,-0.02604180946946144,0.37763112783432007,0.33962780237197876,-0.039323143661022186,0.3913988471031189,0.2910248935222626,-0.050036054104566574,0.2963311970233917,0.4337243437767029,-0.014305868186056614,0.3154442012310028,0.3282957971096039,-0.026265213266015053,0.3267529308795929,0.2615518867969513,-0.039542049169540405,0.3342621326446533,0.20238912105560303,-0.049373429268598557,0.2627301812171936,0.4244544208049774,-0.018931608647108078,0.2714312970638275,0.32016512751579285,-0.033887434750795364,0.2757161259651184,0.2553172707557678,-0.04638669639825821,0.27915626764297485,0.19634714722633362,-0.05419393256306648,0.2266286313533783,0.4378030598163605,-0.025809288024902344,0.21692180633544922,0.351178914308548,-0.04149872809648514,0.2108766734600067,0.2966557741165161,-0.04923845827579498,0.20800399780273438,0.24301263689994812,-0.053184472024440765
/Users/denis/museum-app/venv/bin/python /Users/denis/museum-app/src/ai/data_collection.py,0.22346936166286469,0.6896856427192688,4.1261000660597347e-07,0.28250351548194885,0.6815596222877502,-0.023671597242355347,0.3376879096031189,0.6425493955612183,-0.034210506826639175,0.379031777381897,0.6059999465942383,-0.04384101927280426,0.4134519696235657,0.5947606563568115,-0.053141698241233826,0.32622742652893066,0.47045060992240906,-0.014158327132463455,0.35959261655807495,0.38989514112472534,-0.027850612998008728,0.3782646059989929,0.3377895951271057,-0.04154461622238159,0.3926362991333008,0.28910139203071594,-0.05252967029809952,0.2932513952255249,0.4353162944316864,-0.015902522951364517,0.3128775954246521,0.3258562684059143,-0.027765406295657158,0.3241828978061676,0.25894346833229065,-0.040832724422216415,0.33155155181884766,0.2005309760570526,-0.050706662237644196,0.2586592733860016,0.4274712800979614,-0.020979924127459526,0.2682643234729767,0.32118406891822815,-0.035739269107580185,0.2735176980495453,0.25487351417541504,-0.04841140657663345,0.2774437963962555,0.19576850533485413,-0.05666210129857063,0.2214389145374298,0.4428035020828247,-0.028436562046408653,0.21228936314582825,0.3548547923564911,-0.04423912614583969,0.2064381092786789,0.29887324571609497,-0.05214410647749901,0.2032795250415802,0.244375541806221,-0.05636649206280708
/Users/denis/museum-app/venv/bin/python /Users/denis/museum-app/src/ai/data_collection.py,0.2225675880908966,0.6946157813072205,3.92697927509289e-07,0.28108954429626465,0.6850653886795044,-0.023220669478178024,0.33607015013694763,0.6467673778533936,-0.03404610604047775,0.3772633671760559,0.6094353795051575,-0.04424392059445381,0.41188645362854004,0.5946550965309143,-0.054037582129240036,0.32273322343826294,0.47448259592056274,-0.014104454778134823,0.35660427808761597,0.39315760135650635,-0.02841073088347912,0.3758896291255951,0.3410261273384094,-0.042415473610162735,0.3907584547996521,0.291890025138855,-0.05339985340833664,0.2905493676662445,0.43783849477767944,-0.016218779608607292,0.3114902377128601,0.326616108417511,-0.028023693710565567,0.32316702604293823,0.2591281235218048,-0.040578268468379974,0.3306296169757843,0.199940025806427,-0.05022726207971573,0.25671982765197754,0.42867782711982727,-0.021719595417380333,0.26672083139419556,0.32159990072250366,-0.03581631928682327,0.27210015058517456,0.2555338144302368,-0.047525111585855484,0.2760509252548218,0.196845144033432,-0.05538468807935715,0.21994854509830475,0.44267499446868896,-0.029706047847867012,0.21106508374214172,0.35429126024246216,-0.044315654784440994,0.20517846941947937,0.29873090982437134,-0.05110655725002289,0.20149199664592743,0.24556507170200348,-0.05481535196304321
/Users/denis/museum-app/venv/bin/python /Users/denis/museum-app/src/ai/data_collection.py,0.219866544008255,0.7001178860664368,3.961193897339399e-07,0.27867433428764343,0.6896884441375732,-0.02369643561542034,0.33382171392440796,0.649587094783783,-0.03494729474186897,0.3751620352268219,0.6123177409172058,-0.04548664018511772,0.41042453050613403,0.5998865962028503,-0.05557958036661148,0.32132095098495483,0.4781433045864105,-0.015155545435845852,0.3553498685359955,0.3955501616001129,-0.029519179835915565,0.37437447905540466,0.34276285767555237,-0.04337949678301811,0.38876840472221375,0.2934338450431824,-0.054292939603328705,0.2886980473995209,0.4417608678340912,-0.017225226387381554,0.3098711669445038,0.3288472592830658,-0.029220346361398697,0.3209436535835266,0.26018381118774414,-0.041781749576330185,0.3276340663433075,0.2009030282497406,-0.05142993479967117,0.2542906403541565,0.432722270488739,-0.022648608312010765,0.2650996148586273,0.324736624956131,-0.03687715530395508,0.27095159888267517,0.259287029504776,-0.04864047095179558,0.27514931559562683,0.20197615027427673,-0.05654769018292427,0.21679618954658508,0.4466473460197449,-0.03058478608727455,0.20825336873531342,0.3579496741294861,-0.04527678340673447,0.2021905481815338,0.3021059036254883,-0.052123285830020905,0.19817039370536804,0.24879221618175507,-0.055896591395139694
/Users/denis/museum-app/venv/bin/python /Users/denis/museum-app/src/ai/data_collection.py,0.2146124541759491,0.7050455212593079,3.8993303519418987e-07,0.27324196696281433,0.6951107978820801,-0.025161493569612503,0.32905176281929016,0.655357837677002,-0.03724828362464905,0.37168604135513306,0.6173059344291687,-0.04839754477143288,0.4079955816268921,0.6057415008544922,-0.059182655066251755,0.3173403739929199,0.48347532749176025,-0.017453430220484734,0.35121479630470276,0.3992927670478821,-0.0326848141849041,0.3700900077819824,0.345242440700531,-0.04711540788412094,0.3843698501586914,0.29483506083488464,-0.05839954689145088,0.2846437692642212,0.4469805657863617,-0.018989773467183113,0.3057993948459625,0.33368921279907227,-0.031612008810043335,0.31650954484939575,0.2649458646774292,-0.04443028196692467,0.32284462451934814,0.2052645981311798,-0.05425887182354927,0.2502756714820862,0.4376940131187439,-0.023947451263666153,0.2608039677143097,0.3299217224121094,-0.038490183651447296,0.26629120111465454,0.26359671354293823,-0.05030412599444389,0.27014926075935364,0.20531553030014038,-0.05831420421600342,0.212812602519989,0.45110806822776794,-0.03154187649488449,0.20322923362255096,0.3626750111579895,-0.04629340395331383,0.19677788019180298,0.30723750591278076,-0.053101371973752975,0.19246220588684082,0.25436192750930786,-0.056891072541475296
/Users/denis/museum-app/venv/bin/python /Users/denis/museum-app/src/ai/data_collection.py,0.20802414417266846,0.7155099511146545,3.8272915503512195e-07,0.26751840114593506,0.7018540501594543,-0.023015011101961136,0.3218472898006439,0.6605955362319946,-0.03391946852207184,0.36430904269218445,0.6232706308364868,-0.04445584863424301,0.40016692876815796,0.610970139503479,-0.054935961961746216,0.3089572787284851,0.48699110746383667,-0.014358676970005035,0.34153565764427185,0.4022379517555237,-0.02953512594103813,0.3591347932815552,0.34754472970962524,-0.04438568651676178,0.3729622960090637,0.2965794801712036,-0.05596073716878891,0.2740955948829651,0.452620267868042,-0.017021482810378075,0.29248911142349243,0.338134765625,-0.029635120183229446,0.3023718595504761,0.268849641084671,-0.04320333153009415,0.30916136503219604,0.2084694504737854,-0.053625598549842834,0.23825161159038544,0.44573503732681274,-0.022996313869953156,0.2473149597644806,0.3370906114578247,-0.03759799897670746,0.25194355845451355,0.27155742049217224,-0.04938051477074623,0.2561990022659302,0.21423891186714172,-0.05733702331781387,0.1999165415763855,0.4612320065498352,-0.031448353081941605,0.1892143189907074,0.3728446662425995,-0.04646947607398033,0.18275314569473267,0.3176649808883667,-0.05322730541229248,0.17944318056106567,0.2648167312145233,-0.05679928883910179
/Users/denis/museum-app/venv/bin/python /Users/denis/museum-app/src/ai/data_collection.py,0.17528373003005981,0.768121600151062,4.053425186612003e-07,0.2338973730802536,0.7441232204437256,-0.028243282809853554,0.28764021396636963,0.6965288519859314,-0.042682841420173645,0.3306727111339569,0.6523202657699585,-0.055790502578020096,0.36886394023895264,0.6316752433776855,-0.06912227720022202,0.2663661241531372,0.5135425329208374,-0.02659730799496174,0.2979658246040344,0.4142809510231018,-0.04557827115058899,0.31551218032836914,0.35455918312072754,-0.06193401664495468,0.32936325669288635,0.2985544204711914,-0.07494637370109558,0.22799065709114075,0.4819841980934143,-0.02942723222076893,0.24196664988994598,0.3588210642337799,-0.046947892755270004,0.2500000298023224,0.2834366261959076,-0.06320849806070328,0.255553662776947,0.21751105785369873,-0.07560426741838455,0.18892747163772583,0.483958899974823,-0.03572642803192139,0.19063729047775269,0.36431485414505005,-0.05499003082513809,0.19316020607948303,0.2905505895614624,-0.07024127244949341,0.19605030119419098,0.22537654638290405,-0.08073664456605911,0.14997896552085876,0.5144448280334473,-0.044701721519231796,0.135054811835289,0.42047178745269775,-0.06426607817411423,0.12612296640872955,0.3598473072052002,-0.0744110643863678,0.12141887843608856,0.30047348141670227,-0.0804995745420456
/Users/denis/museum-app/venv/bin/python /Users/denis/museum-app/src/ai/data_collection.py,0.10549214482307434,0.8542367219924927,5.657985298057611e-07,0.1661914885044098,0.864555835723877,-0.04540861025452614,0.21281328797340393,0.8209712505340576,-0.07000687718391418,0.2508486211299896,0.7710869312286377,-0.08851083368062973,0.28658828139305115,0.7252376675605774,-0.10896199196577072,0.18516184389591217,0.6006907820701599,-0.05973280966281891,0.20623229444026947,0.48087331652641296,-0.08394952863454819,0.2143051028251648,0.4182283878326416,-0.10079947113990784,0.22293612360954285,0.35968631505966187,-0.11398718506097794,0.1354791522026062,0.5783939957618713,-0.05766759440302849,0.13438287377357483,0.42370420694351196,-0.08070513606071472,0.12849381566047668,0.34125816822052,-0.10253529995679855,0.12705382704734802,0.271176815032959,-0.1196969673037529,0.08993490040302277,0.6063215732574463,-0.0573914535343647,0.07528737187385559,0.4895839989185333,-0.08933231234550476,0.064475417137146,0.42730921506881714,-0.11048545688390732,0.06307169795036316,0.3687553405761719,-0.12503203749656677,0.05093245208263397,0.6683543920516968,-0.05941813811659813,0.035189151763916016,0.6219772100448608,-0.088981993496418,0.027952447533607483,0.655112624168396,-0.09580705314874649,0.026651009917259216,0.6867849826812744,-0.09930054098367691
